{
  "minecraft:recipes/redstone/stone_button": {
    "criteria": {
      "has_stone": "2019-03-02 15:04:15 -0600"
    },
    "done": true
  },
  "minecraft:recipes/building_blocks/stonebrick": {
    "criteria": {
      "has_stone": "2019-03-02 15:04:15 -0600"
    },
    "done": true
  },
  "minecraft:recipes/building_blocks/stone_slab": {
    "criteria": {
      "has_stone": "2019-03-02 15:04:15 -0600"
    },
    "done": true
  },
  "minecraft:recipes/redstone/stone_pressure_plate": {
    "criteria": {
      "has_stone": "2019-03-02 15:04:15 -0600"
    },
    "done": true
  }
}