{"stat.pickup.minecraft.coal_block":1,"stat.walkOneCm":6960,"stat.useItem.thelostportal.catalyst_block":1,"stat.useItem.thelostportal.crystal_core":1,"stat.mineBlock.thelostportal.non_energy_forge":1,"stat.pickup.thelostportal.end_teleporter":1,"stat.useItem.minecraft.stone":13,"stat.mineBlock.thelostportal.end_teleporter":1,"stat.pickup.thelostportal.non_energy_forge":1,"stat.leaveGame":1,"stat.useItem.minecraft.diamond_pickaxe":2,"stat.useItem.minecraft.wooden_pickaxe":2,"stat.flyOneCm":7859,"stat.mineBlock.thelostportal.chorus_stone":2,"stat.jump":55,"stat.useItem.thelostportal.non_energy_forge":3,"stat.playOneMinute":15793,"stat.fallOneCm":418,"stat.useItem.minecraft.stone_pickaxe":2,"stat.sneakTime":78,"stat.useItem.thelostportal.chorus_stone":3,"stat.useItem.thelostportal.nether_obi":1,"stat.crouchOneCm":5,"stat.timeSinceDeath":15793,"stat.sprintOneCm":1551,"stat.useItem.minecraft.stone_slab2":70,"stat.pickup.thelostportal.chorus_stone":2,"stat.pickup.minecraft.end_stone":1}