{"stat.flyOneCm":4678,"stat.walkOneCm":3435,"stat.mineBlock.thelostportal.nether_obi":1,"stat.jump":24,"stat.useItem.thelostportal.crystal_core":2,"stat.playOneMinute":3889,"stat.pickup.thelostportal.end_teleporter":4,"stat.mineBlock.thelostportal.end_teleporter":4,"stat.useItem.minecraft.stone_pickaxe":3,"stat.pickup.thelostportal.catalyst_block":1,"stat.leaveGame":1,"stat.pickup.thelostportal.nether_obi":1,"stat.mineBlock.thelostportal.crystal_core":1,"stat.useItem.thelostportal.nether_obi":1,"stat.useItem.minecraft.diamond_pickaxe":2,"stat.pickup.thelostportal.crystal_core":1,"stat.timeSinceDeath":3889,"stat.useItem.minecraft.wooden_pickaxe":2,"stat.mineBlock.thelostportal.catalyst_block":1,"stat.sprintOneCm":1898,"stat.useItem.minecraft.iron_pickaxe":3,"stat.useItem.minecraft.stone_slab2":4}