{"stat.flyOneCm":27971,"stat.walkOneCm":2475,"stat.useItem.thelostportal.catalyst_block":5,"stat.jump":37,"stat.useItem.thelostportal.crystal_core":6,"stat.playOneMinute":7678,"stat.pickup.thelostportal.end_teleporter":1,"stat.mineBlock.thelostportal.end_teleporter":1,"stat.useItem.minecraft.stone_pickaxe":1,"stat.leaveGame":1,"stat.sneakTime":98,"stat.useItem.thelostportal.chorus_stone":7,"stat.useItem.thelostportal.nether_obi":5,"stat.timeSinceDeath":7678,"stat.useItem.minecraft.wooden_pickaxe":1,"stat.sprintOneCm":2699,"stat.useItem.minecraft.stone_slab2":47,"stat.pickup.thelostportal.chorus_stone":1}