{
  "minecraft:adventure/root": {
    "criteria": {
      "killed_something": "2019-03-19 11:34:50 -0500"
    },
    "done": true
  },
  "minecraft:adventure/kill_a_mob": {
    "criteria": {
      "zombie_pigman": "2019-03-19 11:34:50 -0500"
    },
    "done": true
  },
  "minecraft:nether/root": {
    "criteria": {
      "entered_nether": "2019-03-19 11:33:37 -0500"
    },
    "done": true
  },
  "minecraft:adventure/kill_all_mobs": {
    "criteria": {
      "zombie_pigman": "2019-03-19 11:34:50 -0500"
    },
    "done": false
  },
  "minecraft:story/enter_the_nether": {
    "criteria": {
      "entered_nether": "2019-03-19 11:33:37 -0500"
    },
    "done": true
  }
}